step,time,winding,energy
0,0.000,1,9.810000e-01
1200,1.200,1,7.610000e-01
2400,2.400,1,5.910000e-01
3600,3.600,1,4.580000e-01
4800,4.800,1,3.550000e-01
6000,6.000,1,2.760000e-01
7200,7.200,1,2.150000e-01
8400,8.400,1,1.680000e-01
9600,9.600,1,1.310000e-01
10800,10.800,1,1.020000e-01
12000,12.000,1,7.920000e-02
